{"last_download_success": 1745027613.426145, "unseen_downloads": ["/home/ilan/.config/variety/Downloaded/Unsplash/photo-1741851374674-e4b7e573a9e7.jpg", "/home/ilan/.config/variety/Downloaded/Unsplash/photo-1741766089379-f66579572984.jpg", "/home/ilan/.config/variety/Downloaded/Unsplash/photo-1741851374467-c53876940807.jpg", "/home/ilan/.config/variety/Downloaded/Unsplash/photo-1742944085736-65d142cef76d.jpg", "/home/ilan/.config/variety/Downloaded/Unsplash/photo-1742205309355-70e063aa1865.jpg", "/home/ilan/.config/variety/Downloaded/Unsplash/photo-1742943892614-dfe67381c341.jpg", "/home/ilan/.config/variety/Downloaded/Unsplash/photo-1741230713152-244939ffbd75.jpg", "/home/ilan/.config/variety/Downloaded/Unsplash/photo-1743044091650-6f558c16ffd1.jpg", "/home/ilan/.config/variety/Downloaded/Unsplash/photo-1742909281023-b62e557c1b4a.jpg", "/home/ilan/.config/variety/Downloaded/Unsplash/photo-1742502570062-eb458e3e3a61.jpg", "/home/ilan/.config/variety/Downloaded/Unsplash/photo-1741964969909-0fa5a7e18201.jpg"], "last_download_failure": 1745027432.0043058}